source,author,title,description,url,publishedAt
Wired,Joel Khalili,Fresh Bitcoin Hype Shows Crypto Just Can’t Help Itself,"After crashes, scandals, and SBF’s guilty verdict, many hoped the crypto industry would grow up. Speculation around the arrival of a spot bitcoin ETF shows old hype dies hard.",https://www.wired.com/story/bitcoin-etf-crypto-investments/,2023-11-29T12:00:00Z
ReadWrite,Kliment Dukovski,How to Buy Bitcoin Minetrix in 2023 – Complete Guide,"Bitcoin Minetrix is a crypto project aiming to bring Bitcoin mining to the masses using an innovative feature called stake-to-mine. […]
The post How to Buy Bitcoin Minetrix in 2023 – Complete Guide appeared first on ReadWrite.",https://readwrite.com/cryptocurrency/how-to-buy-bitcoin-minetrix/,2023-11-27T11:55:20Z
Wired,"Andy Greenberg, Andrew Couts",The Startup That Transformed the Hack-for-Hire Industry,"Plus: The FBI's baffling inaction on a ransomware group, a massive breach of Danish electric utilities, and more.",https://www.wired.com/story/indian-startup-hack-for-hire-security-roundup/,2023-11-18T14:00:00Z
Business Insider,prosen@insider.com (Phil Rosen),'We have no intention of selling': El Salvador's millennial president touts the country's bitcoin investment as the token soars,"Nayib Bukele said if El Salvador sold all its bitcoin at current prices, it would recover 100% of its investment and see a profit more than $3,600,000.",https://markets.businessinsider.com/news/currencies/bitcoin-price-el-salvador-bukele-millennial-president-profits-crypto-btc-2023-12,2023-12-04T15:52:51Z
ReadWrite,Yash Majithia,How To Buy Bitcoin ETF Token – Complete Guide,"The Bitcoin ETF token (BTCETF) is a new crypto rapidly gaining popularity, primarily due to the excitement surrounding the launch […]
The post How To Buy Bitcoin ETF Token – Complete Guide appeared first on ReadWrite.",https://readwrite.com/cryptocurrency/how-to-buy-bitcoin-etf-token/,2023-11-27T17:08:34Z
ReadWrite,Radek Zielinski,"Bitcoin surges past $42,000 as crypto gathers momentum","According to a Dec. 3 Bloomberg report, Bitcoin topped $42,000 on Monday, extending its rally of over 150% since the […]
The post Bitcoin surges past $42,000 as crypto gathers momentum appeared first on ReadWrite.",https://readwrite.com/bitcoin-surges-past-42000-as-crypto-gathers-momentum/,2023-12-04T23:00:53Z
ReadWrite,Cameron Macpherson,Bitcoin price surges by 175% amid US ETF hopes,"The price of Bitcoin has seen its biggest value boost since the 2022 cryptocurrency market crash. On Wednesday (Dec. 6) […]
The post Bitcoin price surges by 175% amid US ETF hopes appeared first on ReadWrite.",https://readwrite.com/bitcoin-sees-price-boost-of-175-in-crypto-market-surge/,2023-12-06T13:49:16Z
Business Insider,Phil Rosen,The biggest stablecoin player wants to be a major bitcoin miner - and it's investing $500 million to compete,"The stablecoin operator is looking to become a major bitcoin miner, constructing new facilities and taking stakes in other firms, Bloomberg reported.",https://markets.businessinsider.com/news/currencies/bitcoin-stablecoin-tether-mining-cryptocurrency-usdt-finance-crypto-2023-11,2023-11-16T18:24:05Z
Business Insider,Phil Rosen,Bitcoin is up 120% this year. Here's the bear case that could derail the rally.,"Crypto players are bullish on the approval of a potential spot bitcoin ETF and 2024's halving event, but macro forces could stall the rally.",https://markets.businessinsider.com/news/currencies/bitcoin-price-outlook-bear-case-rally-halving-spot-etf-regulators-2023-11,2023-11-15T15:52:18Z
Business Insider,Polly Thompson,"Remote mountain Kingdom of Bhutan is operating secret, state-owned Bitcoin mining facilities, report says","The remote Himalayan kingdom has never publicly announced its Bitcoin operations, but it has been seeking to diversify its economy.",https://www.businessinsider.com/bhutan-running-secret-state-owned-bitcoin-mining-facilities-in-himalayas-2023-11,2023-11-25T15:19:19Z
Business Insider,George Glover,"Charlie Munger was still a master of the one-liner in his 90s, calling crypto 'venereal disease' and AI overhyped","The ""Oracle of Pasadena"" leaves behind decades' worth of zingers, including savage takedowns of bitcoin and other cryptocurrencies.",https://markets.businessinsider.com/news/stocks/charlie-munger-dies-warren-buffett-berkshire-hathaway-bitcoin-crypto-ai-2023-11,2023-11-29T10:28:52Z
ReadWrite,Maxwell William,MicroStrategy expands Bitcoin portfolio with $593M purchase,"Business intelligence firm MicroStrategy has made a significant move in the cryptocurrency market, purchasing an additional 16,130 Bitcoins for approximately […]
The post MicroStrategy expands Bitcoin portfolio with $593M purchase appeared first on ReadWrite.",https://readwrite.com/microstrategy-expands-bitcoin-portfolio-with-593m-purchase/,2023-11-30T17:47:34Z
ReadWrite,Maxwell William,Bitcoin’s largest ever transaction fee: $3.1M mistake or intentional?,"A Bitcoin transaction on Thursday has set a new record for the highest transaction fee ever paid, amounting to a […]
The post Bitcoin’s largest ever transaction fee: $3.1M mistake or intentional? appeared first on ReadWrite.",https://readwrite.com/bitcoins-largest-ever-transaction-fee-3-1m-mistake-or-intentional/,2023-11-25T00:50:55Z
VentureBeat,Dean Takahashi,Splitgate teams up with ZBD for Bitcoin rewards in tournaments,ZBD has teamed up with 1047 Games to enable players to play the Portal shooter Splitgate for Bitcoin prizes.,https://venturebeat.com/games/splitgate-teams-up-with-zbd-for-bitcoin-rewards-in-tournaments/,2023-11-30T08:00:00Z
Business Insider,Phil Rosen,"Investors have piled $1 billion into crypto funds in 2023, the 3rd-highest annual inflow on record","In the last week alone, digital asset investment products took in $293 million, pushing the total amount above $1 billion for the year.",https://markets.businessinsider.com/news/funds/bitcoin-price-crypto-funds-inflows-ether-outlook-investors-markets-cryptocurrency-2023-11,2023-11-13T17:26:25Z
Business Insider,Theron Mohamed,Reddit's cofounder says the crypto winter will clean house - and hails bitcoin as gold for a new generation,"Alexis Ohanian, who paid $15,000 for ether worth over $100 million today, says the crypto industry's slump will shake out ""tourists and grifters.""",https://markets.businessinsider.com/news/currencies/reddit-ohanian-crypto-winter-bitcoin-gold-price-haven-asset-portfolio-2023-11,2023-11-16T11:42:37Z
ReadWrite,Radek Zielinski,BlackRock files for spot Ethereum ETF with U.S. regulators,"BlackRock, the world’s largest asset manager, has filed an application with the U.S. Securities and Exchange Commission for an exchange-traded […]
The post BlackRock files for spot Ethereum ETF with U.S. regulators appeared first on ReadWrite.",https://readwrite.com/blackrock-ethereum-etf/,2023-11-16T13:01:54Z
ReadWrite,Maxwell William,Millions of crypto wallets at risk due to overlooked code flaw,"A tech entrepreneur’s forgotten Bitcoin password has led to the discovery of a significant security flaw affecting millions of crypto […]
The post Millions of crypto wallets at risk due to overlooked code flaw appeared first on ReadWrite.",https://readwrite.com/millions-of-crypto-wallets-at-risk-due-to-overlooked-code-flaw/,2023-11-15T00:20:22Z
ReadWrite,Kane Pepi,10 New Upcoming Coinbase Listings to Watch in 2023,"Coinbase is not only the second-largest cryptocurrency exchange globally, but it has a solid regulatory framework. Now a public entity […]
The post 10 New Upcoming Coinbase Listings to Watch in 2023 appeared first on ReadWrite.",https://readwrite.com/cryptocurrency/new-coinbase-listings/,2023-11-30T11:12:08Z
ReadWrite,Kane Pepi,13 Best ICOs to Invest in 2023,"ICOs are the best way to invest in brand-new cryptocurrencies before they explode. Ethereum, Filecoin, Chainlink, and many other billion-dollar […]
The post 13 Best ICOs to Invest in 2023  appeared first on ReadWrite.",https://readwrite.com/cryptocurrency/upcoming-icos/,2023-11-28T15:16:32Z
ReadWrite,Deanna Ritchie,Israel combats militant financing via cryptocurrency,"Israel has been actively fighting against the financing of Iran-supported militant groups like Hamas and Hezbollah. A new aspect of this […]
The post Israel combats militant financing via cryptocurrency appeared first on ReadWrite.",https://readwrite.com/israel-combats-militant-financing-via-cryptocurrency/,2023-11-30T01:11:30Z
BBC News,https://www.facebook.com/bbcnews,Ransomware hackers 'wreaking havoc' arrested in Ukraine,Cyber police carry out raids to dismantle gang responsible for hacking hundreds of organisations.,https://www.bbc.co.uk/news/technology-67556607,2023-11-28T13:15:24Z
ReadWrite,Radek Zielinski,Mt. Gox bankruptcy saga inches closer to creditor repayment,"Nearly ten years after its infamous collapse, the Mt. Gox cryptocurrency exchange saga may finally be nearing resolution. According to […]
The post Mt. Gox bankruptcy saga inches closer to creditor repayment appeared first on ReadWrite.",https://readwrite.com/mt-gox-bankruptcy-saga-inches-closer-to-creditor-repayment/,2023-11-22T23:00:50Z
Reuters,Reuters,Bitcoin breaks $40k as momentum builds,"Bitcoin has broken above $40,000 for the first time this year as it rides a wave of momentum on broad enthusiasm about U.S. interest rate cuts and as traders anticipate the imminent approval of U.S.-stockmarket traded bitcoin funds.",https://www.reuters.com/markets/currencies/bitcoin-hits-40000-level-first-time-this-year-2023-12-03/,2023-12-04T05:33:46Z
Business Insider,Phil Rosen,US stocks end mixed as November rally stumbles amid fresh economic data,"Industrial production and jobless claims pointed to a slowing economy, which could lead the Fed to declare mission accomplished on rate hikes.",https://markets.businessinsider.com/news/stocks/stock-market-news-today-dow-sp500-november-rally-investors-traders-2023-11,2023-11-16T21:05:46Z
Ars Technica,Kyle Orland,Reminder: Donate to win swag in our annual Charity Drive sweepstakes,"Add to a charity haul that's already raised over $14,000 in less than two weeks.",https://arstechnica.com/gaming/2023/12/reminder-donate-to-win-swag-in-our-annual-charity-drive-sweepstakes-11/,2023-12-08T19:41:47Z
BBC News,,Every Bitcoin payment 'uses a swimming pool of water',"As billions face water shortages, a new study warns of the cryptocurrency's thirst for water.",https://www.bbc.com/news/technology-67564205,2023-11-29T17:44:49Z
Business Insider,Aruni Soni,The dogecoin community is planning to launch a physical token to the moon in December,"Space robotics company Astrobotic is sending a cargo to the moon that will include a physical dogecoin, among other things.",https://markets.businessinsider.com/news/currencies/crypto-elon-musk-bitcoin-dogecoin-token-meme-spacex-mission-moon-2023-11,2023-11-16T20:08:27Z
Boing Boing,Rob Beschizza,"Trailer for Bitconned, a documentary about one of the many scamcoins minted in the mid-late 2010s","The first line in the trailer for Netflix's Bitconned is one of the scammers, free as a bird, saying ""Ever since I was a kid, I always wanted to be a criminal."" 












In 2017, amidst the economic frenzy of the Bitcoin boom, there was no better place …",https://boingboing.net/2023/12/06/trailer-for-bitconned-a-documentary-about-one-of-the-many-scamcoins-minted-in-the-mid-late-2010s.html,2023-12-06T15:05:37Z
MarketWatch,Frances Yue,"Distributed Ledger: Why bitcoin ETFs launch won’t be a ‘buy the rumor, sell the news’ event","Welcome back to Distributed Ledger. This is Frances Yue, reporter at MarketWatch. The crypto space has seen several cases where the popular strategy “buy the...",https://www.marketwatch.com/story/why-bitcoin-etfs-launch-wont-be-a-buy-the-rumor-sell-the-news-event-9ae2a04c,2023-11-16T21:36:00Z
ReadWrite,Deanna Ritchie,CoinDesk purchased by former NYSE president,"Former New York Stock Exchange President Tom Farley said earlier today that his company, Bullish, had purchased 100% of crypto-focused […]
The post CoinDesk purchased by former NYSE president appeared first on ReadWrite.",https://readwrite.com/coindesk-purchased-by-former-nyse-president/,2023-11-20T21:00:57Z
Business Insider,Jason Ma,US stocks climb ahead of Thanksgiving as investors weigh lower oil prices and jobless claims,The final reading of University of Michigan consumer sentiment survey showed that year-ahead expectations for inflation ticked up to 4.5%.,https://markets.businessinsider.com/news/stocks/stock-market-news-today-dow-sp500-nasdaq-jobless-claims-thanksgiving-2023-11,2023-11-22T21:04:21Z
Business Insider,Jennifer Sor,US stocks rise to start short trading week as investors assess rate outlook,"Investors have their eye on Nvidia, which will report third-quarter earnings tomorrow amid a wildly successful year so far.",https://markets.businessinsider.com/news/stocks/stock-market-news-today-us-stocks-fed-rate-cut-outlook-2023-11,2023-11-20T14:35:35Z
Business Insider,Max Adams,US stocks rise ahead ahead of holiday as bond yields slip and traders assess jobs data,Stocks were higher on Wednesday as investors prepared to wind down trading for Thanksgiving. Jobless claims fell to a five-week low.,https://markets.businessinsider.com/news/stocks/stock-market-news-today-jobless-claims-oil-prices-bond-yields-2023-11,2023-11-22T14:38:23Z
Business Insider,Jennifer Sor,US stocks trade mixed as investors turn their attention to upcoming October inflation report,"Investors are expecting inflation to have slowed slightly in October, but remain still above the Fed's 2% long-run target.",https://markets.businessinsider.com/news/stocks/stock-market-news-today-october-inflation-report-fed-economy-rates-2023-11,2023-11-13T21:09:22Z
Business Insider,Aruni Soni,US stocks dip but head for weekly gains as bond yields continue to drop,"The S&P 500, Nasdaq, and the Dow Jones Industrial Average are up about 2% or more this week.",https://markets.businessinsider.com/news/stocks/stock-market-news-today-dow-sp500-nasdaq-weekly-gains-yields-2023-11,2023-11-17T14:40:36Z
Business Insider,Matthew Fox,US stocks edge lower as investors size up solid Black Friday sales results,"""I would not look at strong Black Friday numbers as something the Fed has to panic about,"" Fundstrat's Tom Lee said in a Monday note.",https://markets.businessinsider.com/news/stocks/stock-market-news-today-dow-sp500-nasdaq-black-friday-sales-2023-11,2023-11-27T14:40:33Z
Business Insider,Matthew Fox,US stocks extend gains as fresh inflation data show wholesale prices falling by the most since 2020,"""Consumer spending momentum in Q4 will likely slow but the solid appetite for online shopping bodes well for the upcoming holiday sales period.""",https://markets.businessinsider.com/news/stocks/stock-market-news-today-wholesale-price-decline-inflation-continues-drop-2023-11,2023-11-15T14:36:42Z
Business Insider,Filip De Mott,US stocks jump as soft inflation data sends Treasury yields tumbling,"The annual rate on consumer inflation slowed to 3.2% in October, down from 3.7% in September and below views for 3.3%.",https://markets.businessinsider.com/news/stocks/stock-market-news-today-treasury-bond-yields-cpi-inflation-fed-2023-11,2023-11-14T14:34:03Z
Business Insider,Aruni Soni,US stocks edge higher and notch 3rd consecutive week of gains,Markets rode a wave of optimism this past week around the potential end of Fed policy tightening.,https://markets.businessinsider.com/news/stocks/stock-market-news-today-rally-sp-500-dow-weekly-win-2023-11,2023-11-17T21:10:01Z
Business Insider,Filip De Mott,US stocks fall after extended rally as investors look to Fed minutes and Nvidia earnings,"Investors are looking for clues about the strength of the latest rally, and are assessing the outlook for rates as markets head into year-end.",https://markets.businessinsider.com/news/stocks/stock-market-news-today-rally-retail-fed-minutes-nvidia-earnings-2023-11,2023-11-21T14:47:14Z
Hackaday,Kristina Panos,Nyan Keys: Because Your Keyboard is Painfully Slow,"You probably don’t notice keyboard latency when typing or doing mundane tasks, but if you start gaming, that’s also when you might start complaining. Every millisecond counts in that arena. …read more",https://hackaday.com/2023/12/10/nyan-keys-because-your-keyboard-is-painfully-slow/,2023-12-10T12:00:53Z
Threadreaderapp.com,,CTF Writeup: Abusing select() to factor RSA,"@moyix: Will still try to do a blog post on my @CSAW_NYUTandon CTF challenge, NERV Center, but for now here's a thread explaining the key mechanics. I put a lot of work into the aesthetics, like this...…",https://threadreaderapp.com/thread/1723398619313603068.html,2023-11-11T19:59:39Z
Yahoo Entertainment,Pranav Dixit,A 'silly' attack made ChatGPT reveal real phone numbers and email addresses,"A team of researchers was able to make ChatGPT reveal some of the bits of data it has been trained on by using a simple prompt: asking the chatbot to repeat random words forever. In response, ChatGPT churned out people’s private information including email ad…",https://consent.yahoo.com/v2/collectConsent?sessionId=1_cc-session_7469e1f3-6ca9-45f7-8c7b-41c018559bb5,2023-11-29T20:05:46Z
Business Insider,Matthew Fox,US stocks close higher as investors cheer fresh data showing inflation is easing,"The producer price index fell 0.5% in October from the prior month, representing the largest decline since April 2020.",https://markets.businessinsider.com/news/stocks/stock-market-news-today-fresh-data-inflation-continues-to-ease-2023-11,2023-11-15T21:06:59Z
Business Insider,Jennifer Sor,US stocks jump as bond yields slip and Microsoft shares surge,"All three benchmark indexes surged, with the Dow and the S&P 500 on track to notch their best monthly performance in over a year.",https://markets.businessinsider.com/news/stocks/stock-market-news-microsoft-stock-price-sam-altman-dow-sp500-2023-11,2023-11-20T21:10:47Z
Business Insider,Filip De Mott,Are US Treasurys still a safe-haven asset? Epic bond-market crash and rising default fears sow doubts,"Moody's lowered the US credit outlook to ""negative"" on Friday, signaling that a downgrade is possible in the future.",https://markets.businessinsider.com/news/bonds/bond-market-crash-us-treasurys-safe-haven-asset-debt-default-2023-11,2023-11-12T13:30:01Z
Business Insider,Matthew Fox,US stocks end lower as Black Friday and Cyber Monday sales come into focus,"Cyber Monday sales are expected to hit a record $12.0 billion to $12.4 billion, according to an estimate from Adobe Analytics.",https://markets.businessinsider.com/news/stocks/stock-market-news-today-nasdaq-sp500-black-friday-cyber-monday-2023-11,2023-11-27T21:10:50Z
Business Insider,Theron Mohamed,'Rich Dad Poor Dad' author warns exploding US debt will fuel inflation and crush the dollar,"Robert Kiyosaki says the American government will print money aggressively to cover its spiraling debt costs, eroding the dollar's value.",https://www.businessinsider.com/rich-poor-dad-kiyosaki-debt-inflation-dollar-market-crash-recession-2023-12,2023-12-07T10:54:06Z
Techmeme.com,,"Analysis: crypto mining used ~1,600 gigaliters of water in 2021 when bitcoin peaked at $65K, or 16K liters per transaction, around 6.2M times a credit card (Justine Calma/The Verge)","Justine Calma / The Verge:
Analysis: crypto mining used ~1,600 gigaliters of water in 2021 when bitcoin peaked at $65K, or 16K liters per transaction, around 6.2M times a credit card  —  Bitcoin mines aren't just energy-hungry, it turns out they're thirsty, t…",https://www.techmeme.com/231130/p17,2023-11-30T12:50:06Z
Techmeme.com,,Bitcoin trades above $40K for the first time since May 2022 as it extends its 2023 rebound (Sunil Jagtiani/Bloomberg),"Sunil Jagtiani / Bloomberg:
Bitcoin trades above $40K for the first time since May 2022 as it extends its 2023 rebound  —  - Expectations for first US spot Bitcoin ETFs propelling rally  — Crypto market also benefiting from hopes for Fed rate cuts  —  Bitcoin…",https://www.techmeme.com/231203/p9,2023-12-03T23:16:55Z
ReadWrite,Pritesh,Cryptocurrency and Taxes: What Tech Entrepreneurs Need to Know,"Since its inception, cryptocurrency has transformed from a niche segment for tech enthusiasts to a mainstream financial tool. As the […]
The post Cryptocurrency and Taxes: What Tech Entrepreneurs Need to Know appeared first on ReadWrite.",https://readwrite.com/cryptocurrency-and-taxes-what-tech-entrepreneurs-need-to-know/,2023-11-23T14:00:59Z
BBC News,https://www.facebook.com/bbcnews,Bitcoin rally: Is El Salvador's Bitcoin bet paying off?,President Bukele is celebrating as his $120m Bitcoin reserve is finally in the black - but economists are not.,https://www.bbc.co.uk/news/technology-67637245,2023-12-06T14:01:36Z
Marginalrevolution.com,Tyler Cowen,The resurgence of crypto,"Crypto and bitcoin, among their other uses, are Rorschach tests for commentators. As these institutions evolve, are you capable of changing your mind and updating in response to new data? Sadly, many people are failing that test and instead staking out inflex…",https://marginalrevolution.com/marginalrevolution/2023/12/the-resurgence-of-crypto.html,2023-12-09T06:06:49Z
Yahoo Entertainment,,"Each Bitcoin transaction uses 4,200 gallons of water — enough to fill a swimming pool — and could potentially cause freshwater shortages",,https://consent.yahoo.com/v2/collectConsent?sessionId=1_cc-session_497e94be-8a39-43a5-b67d-71ad62a9637f,2023-12-03T12:43:37Z
Business Insider,Hasan Chowdhury,Charlie Munger's last big call was probably right: AI is overhyped,"The legendary vice chair of Berkshire Hathaway, who passed away at the age of 99, was unconvinced by ChatGPT-fuelled hype.",https://www.businessinsider.com/charlie-munger-may-have-been-right-about-ai-skepticism-2023-11,2023-11-29T15:59:19Z
Business Insider,fdemott@insider.com (Filip De Mott),Michael Saylor's MicroStrategy makes its biggest bitcoin purchase in years as Wall Street grows more bullish,"The software firm added $593.3 million worth of bitcoin in November, as Michael Saylor looks to acquire as much bitcoin as possible.",https://markets.businessinsider.com/news/currencies/microstrategy-michael-saylor-bitcoin-bullishness-cryptocurrency-etf-digital-asset-tokens-2023-11,2023-11-30T20:23:09Z
BBC News,https://www.facebook.com/bbcnews,Every Bitcoin payment 'uses a swimming pool of water',"As billions face water shortages, a new study warns of the cryptocurrency's thirst for water.",https://www.bbc.co.uk/news/technology-67564205,2023-11-29T15:59:41Z
Reuters,Mike Scarcella,"Venmo, Cash App users sue Apple over peer-to-peer payment fees","Apple Inc <a href=""https://www.reuters.com/markets/companies/AAPL.O"" target=""_blank"">(AAPL.O)</a> has been sued by Venmo and Cash App customers in a proposed class action claiming the iPhone maker abused its market power to curb competition for mobile peer-to…",https://www.reuters.com/legal/transactional/venmo-cash-app-users-sue-apple-over-peer-to-peer-payment-fees-2023-11-20/,2023-11-20T19:27:06Z
Quartz India,Ananya Bhattacharya,Banking adversaries Elizabeth Warren and Jamie Dimon have found common ground on crypto,"JPMorgan Chase CEO Jamie Dimon and US senator Elizabeth Warren have sparred over financial regulation for more than a decade. But in a rare occurrence during a Senate Banking Committee hearing yesterday (Dec. 6), they adopted the same stance. Both want to see…",https://qz.com/banking-adversaries-elizabeth-warren-and-jamie-dimon-ha-1851079753,2023-12-07T14:27:36Z
Internet,info@thehackernews.com (The Hacker News),Kinsing Hackers Exploit Apache ActiveMQ Vulnerability to Deploy Linux Rootkits,"The Kinsing threat actors are actively exploiting a critical security flaw in vulnerable Apache ActiveMQ servers to infect Linux systems with cryptocurrency miners and rootkits.
""Once Kinsing infects a system, it deploys a cryptocurrency mining script that ex…",https://thehackernews.com/2023/11/kinsing-hackers-exploit-apache-activemq.html,2023-11-21T10:00:00Z
Business Insider,mfox@businessinsider.com (Matthew Fox),"Bitcoin could jump 10% as it makes bullish moves heading into year-end, technical analyst says","""Our intermediate-term trend-following indicators support a bullish bias for the next several weeks,"" Fairlead Strategies' Katie Stockton said.",https://markets.businessinsider.com/news/currencies/bitcoin-price-outlook-btc-bullish-technical-price-action-upside-crypto-2023-11,2023-11-28T20:00:04Z
Business Insider,fdemott@insider.com (Filip De Mott),"Bitcoin, gold, and silver should jump as the Fed pivots, but China's yuan faces structural problems, Mike Novogratz says","""Gold, silver, bitcoin really all should do well if the Fed is finished hiking rates and starting to cut.""",https://markets.businessinsider.com/news/currencies/bitcoin-gold-silver-cryptocurrency-fed-pivot-china-yuan-mike-novogratz-2023-11,2023-11-29T21:00:17Z
Business Insider,prosen@insider.com (Phil Rosen),Crypto stocks have notched blistering triple-digit rallies this year,"Some crypto-linked names have gained over 250% this year, and bitcoin itself has climbed more than 130%.",https://markets.businessinsider.com/news/stocks/crypto-stocks-coinbase-microstrategy-riot-marathon-bitcoin-ether-ftx-binance-2023-12,2023-12-01T17:11:01Z
Forbes,"Billy Bambrough, Senior Contributor, 
 Billy Bambrough, Senior Contributor
 https://www.forbes.com/sites/billybambrough/",SEC Leak Reveals Sudden $17.7 Trillion Bitcoin ETF ‘Update’—Sparking Crypto Price Surge,"The bitcoin price has more than doubled over the last 12 months, propelling bitcoin and crypto back into the limelight...",https://www.forbes.com/sites/digital-assets/2023/11/18/sec-leak-reveals-sudden-177-trillion-bitcoin-etf-update-sparking-crypto-price-surge/,2023-11-18T12:45:57Z
Forbes,"Abubakar Nur Khalil, Contributor, 
 Abubakar Nur Khalil, Contributor
 https://www.forbes.com/sites/abubakarnurkhalil/","Nigerian Bitcoin Miner, Trojan Mining, Launch 500KW Hydro Mining Site","On Saturday, Nov 18, Nigerian bitcoin mining company, Trojan Mining, announced their new 500KW hydro-powered bitcoin mining facility.",https://www.forbes.com/sites/digital-assets/2023/11/20/nigerian-bitcoin-miner-trojan-mining-launch-500kw-hydro-mining-site/,2023-11-20T21:06:18Z
Business Insider,fdemott@insider.com (Filip De Mott),Jamie Dimon says he's deeply opposed to crypto and the government should 'close it down',"""I've always been deeply opposed to crypto, bitcoin, et cetera,"" Jamie Dimon said during a Congressional hearing.",https://markets.businessinsider.com/news/currencies/jamie-dimon-crypto-bitcoin-regulation-sec-etf-criminal-laundering-banking-2023-12,2023-12-06T19:27:56Z
Biztoc.com,cryptobriefing.com,Bitcoin community clashes over censorship and privacy tools,"A new debate surged yesterday when Bitcoin core developer Luke Dashjr and the official Twitter account of Samourai Wallet, a non-custodial Bitcoin wallet, engaged in a heated discussion accusing OCEAN, a decentralized Bitcoin mining pool, of wanting to censor…",https://biztoc.com/x/4f4803862aa574f7,2023-12-08T00:54:12Z
GameSpot,Chris Pereira,"GTA 6 Trailer Leaks Early, Indicates 2025 Release Date","After years of rumor and speculation, the first trailer for Rockstar Games' Grand Theft Auto VI has apparently leaked less than day before its planned debut. Assuming the video is legitimate, the game, as rumored, will be set in Vice City and is scheduled to …",https://www.gamespot.com/articles/gta-6-trailer-2025-release/1100-6518649/,2023-12-04T22:45:00Z
Biztoc.com,stacker.news,When to sell/spend some bitcoin? \ stacker news ~bitcoin,"I see this conversation a lot, and have increasingly been asked it ..this is the way I think about it: Over the 15y price history of Bitcoin, 4 years after buying on any day has resulted in a minimum fiat price increase of 113%. Now, if that continued forward…",https://biztoc.com/x/fa7264ff2c8e5f2a,2023-12-06T21:22:22Z
Biztoc.com,stacker.news,Incentivizing bitcoin in my small business \ stacker news ~bitcoin,"As @DarthCoin suggests, I have adopted a 10% discount system for bitcoin payments in my small business. IMG_20231207_112448.jpg I was already using this system but only a few regular customers were aware of it, now that I have also put up a sign I hope that n…",https://biztoc.com/x/922e659fe3f2f214,2023-12-07T11:24:17Z
Techmeme.com,,"Tether plans to spend ~$500M over the next six months to become one of the world's top Bitcoin miners, after acquiring a 20% stake in Northern Data in September (Bloomberg)","Bloomberg:
Tether plans to spend ~$500M over the next six months to become one of the world's top Bitcoin miners, after acquiring a 20% stake in Northern Data in September  —  - Tether to invest about $500 million in the next six months  — Stablecoin issuer b…",https://www.techmeme.com/231116/p26,2023-11-16T15:35:10Z
Biztoc.com,unchainedcrypto.com,Why Financial Advisors Are So Excited About a Spot Bitcoin ETF,"According to surveys of financial advisors, only 12% are currently recommending that clients invest in Bitcoin, while 47% of advisors personally own Bitcoin and a whopping 77% say they are waiting for a spot Bitcoin ETF to become available so they can offer i…",https://biztoc.com/x/aaf23f331d5b71a1,2023-11-21T12:08:09Z
Biztoc.com,eng.ambcrypto.com,Bitcoin prices reach new highs,"Bitcoin price reached new highs, supported by Ordinals and Inscriptions. The number of addresses in profit continued to rise. As Bitcoin[BTC] continues to rally after recovering from a beari The post Bitcoin prices reach new highs - Will this trend continue? …",https://biztoc.com/x/d7e0167365379a1c,2023-11-21T20:36:37Z
Biztoc.com,cryptodaily.co.uk,Bitcoin soars higher as crypto pushes above $1.6 trillion market cap,"Bitcoin and cryptocurrencies just aren’t stopping. Bitcoin has steamrollered through $41,000, leaving most altcoins in its wake. Bitcoin is truth With most of the world’s economies still wallowing in possible recession, or not far from one, bitcoin is leading…",https://biztoc.com/x/35d3cb04d451e45b,2023-12-05T22:35:27Z
Biztoc.com,coingape.com,"Option Traders Betting on Bitcoin (BTC) Price at $50,000, Key Levels to Watch","Amid Bitcoin’s recent price rally to $44,000, Bitcoin option traders have turned bullish expecting the Bitcoin price to touch $50,000 by the end of January 2024. The traders have pinned their hopes on the approval of the spot Bitcoin ETF likely in the first t…",https://biztoc.com/x/ddc4715e58e3e436,2023-12-07T04:52:10Z
Biztoc.com,cryptodaily.co.uk,Bitcoin dominates the crypto market,"All paths lead to the 0.618 fibonacci • Bitcoin dominance sucks value out of altcoins As bitcoin manages to break through the $40,000 level and push on to $42,000, the altcoins are put on hold as the king of the cryptocurrencies dominates the scene. When bitc…",https://biztoc.com/x/482be4814417e4a0,2023-12-05T22:35:37Z
Biztoc.com,bitcoinist.com,Bitcoin HODLing: A Third Of The Supply Now Unmoved Since 5+ Years,"On-chain data shows about a third of the total circulating Bitcoin supply hasn’t seen any movement on the blockchain since over five years ago. Bitcoin Supply Grows More Dormant As HODLing Continues In a new post on X, analyst James V. Straten shared a chart …",https://biztoc.com/x/5c6d049179b04ba0,2023-12-08T18:06:14Z
Biztoc.com,cryptonews.com,Sam Altman-Affiliated Meanwhile Group Introduces Bitcoin Private Credit Fund,"Source: AdobeStock / jirsak Bitcoin life insurance innovator Meanwhile Group, backed by notable figures like Sam Altman and Gradient Ventures, has unveiled a new private credit fund denominated in Bitcoin. The closed fund aims to provide investors with a “con…",https://biztoc.com/x/d6043ae46da44eee,2023-12-08T12:52:09Z
Biztoc.com,coinjournal.net,ORDI price hits new all-time high as Bitcoin touches $42k,"price hit a new all-time high of $44.03 early Monday as Bitcoin touched $42,000. The uptick in ORDI price comes amid rising total inscriptions on the Bitcoin network. ORDI could trade high if BTC continues on a bullish trajectory. As Bitcoin price rallied to …",https://biztoc.com/x/2fc50be4a7af297b,2023-12-04T11:46:07Z
Biztoc.com,ambcrypto.com,Bitcoin futures soar to record heights,"Bitcoin Open Interest on CME hits over $4 billion. The Bitcoin weighted funding rates remain positive. The Open Interest in Bitcoin [BTC] Futures has experienced a notable rise in the past few days, rising along with the price of BTC. Surprisingly, a specific…",https://biztoc.com/x/dc8c21db8d4dcee4,2023-11-11T15:38:10Z
Biztoc.com,beincrypto.com,SEC Delays Bitcoin ETFs: What Will Happen to BTC Price?,"Bitcoin remains above the $36,000 mark despite a recent announcement from the US Securities and Exchange Commission (SEC) to delay the approval process for several spot Bitcoin ETF applications. On November 17, the SEC filed extensions for its decision-making…",https://biztoc.com/x/2f2106faf1f6e878,2023-11-20T00:24:08Z
Biztoc.com,newsbtc.com,Sleeping Bitcoin Giants Wake Up: Pattern Mirrors 2021 Bull Run,"On-chain data shows the dormant Bitcoin whales have been becoming active again recently in a fashion that’s reminiscent of the 2021 bull run. Bitcoin Whales Dormant Since 10+ Years Ago Are Waking Up In a new CryptoQuant Quicktake post, analyst Maartunn has ta…",https://biztoc.com/x/eb13331d6e31b9c1,2023-12-06T00:12:09Z
Small Business Trends,Samson Haileyesus,Top 50 Cryptocurrencies,"Lesser-known cryptos are more speculative and unpredictable, before you buy look at the top 50 cryptocurrencies to hedge your investments.",https://smallbiztrends.com/2023/11/top-50-cryptocurrencies.html,2023-11-24T13:52:11Z
Yahoo Entertainment,,"Robinhood CEO on the bitcoin surge, 24/7 trading, and a potential 9-figure business",,https://consent.yahoo.com/v2/collectConsent?sessionId=1_cc-session_729d58ea-7b3d-48eb-85e2-e953db648de5,2023-12-04T21:48:12Z
Yahoo Entertainment,,"Robinhood CEO on the bitcoin surge, 24-hour trading, and a potential 9-figure business",,https://consent.yahoo.com/v2/collectConsent?sessionId=1_cc-session_e8397448-719a-40af-8728-ebcc2bb07fab,2023-12-04T21:48:12Z
Polygon,Charlie Hall,Disney Lorcana Rise of the Floodborn’s two new starter sets are excellent,"Disney Lorcana’s Rise of the Floodborn includes two excellent new starter sets. Our review, ahead of the general release on Nov. 17.",https://www.polygon.com/23955587/rise-of-the-floodborn-starter-decks,2023-11-13T05:01:00Z
Biztoc.com,youtube.com,Bitcoin: Market Cycle ROI,This chart shows the return on investments (ROI) for all market cycles from each market cycle bottom. The bottom price for a ...,https://biztoc.com/x/8a900e2f9827c1c5,2023-11-21T08:06:10Z
Biztoc.com,youtube.com,URGENT BITCOIN WARNING!!!!!!!⚠️,This is a big bitcoin warning now! Are you holding or trading Bitcoin and cryptocurrency in 2023? This video is for you! 60'000 ...,https://biztoc.com/x/63e1616e565b1f95,2023-11-22T08:10:12Z
Biztoc.com,youtube.com,Bitcoin Risk Metric,Let us talk about the #Bitcoin risk metric! Into The Cryptoverse Premium SALE: https://intothecryptoverse.com Into The Cryptoverse ... #cryptoversepremium,https://biztoc.com/x/cbbc076351f73411,2023-11-22T08:10:19Z
Forbes,"Billy Bambrough, Senior Contributor, 
 Billy Bambrough, Senior Contributor
 https://www.forbes.com/sites/billybambrough/",El Salvador Bitcoin Advisor Reveals 2024 Argentina Adoption Plan,El Salvador made history when it adopted bitcoin as legal tender just over two years ago in a radical experiment that's forced it to ride the bitcoin roller coaster.,https://www.forbes.com/sites/digital-assets/2023/11/23/el-salvador-bitcoin-advisor-reveals-2024-argentina-adoption-plan/,2023-11-23T13:51:02Z
Forbes,"Billy Bambrough, Senior Contributor, 
 Billy Bambrough, Senior Contributor
 https://www.forbes.com/sites/billybambrough/",Bitcoin’s ‘Worst Kept Secret’ Is About To Have A ‘Huge’ Price Impact,"Dan Morehead, the influential founder of bitcoin and crypto investment company Pantera Capital, has predicted the ""worst kept secret"" in bitcoin could be about to have a ""huge"" impact...",https://www.forbes.com/sites/digital-assets/2023/11/27/bitcoins-worst-kept-secret-is-about-to-have-a-huge-price-impact/,2023-11-27T13:42:37Z
Forbes,"Billy Bambrough, Senior Contributor, 
 Billy Bambrough, Senior Contributor
 https://www.forbes.com/sites/billybambrough/","‘Very Important’—Sudden BlackRock ‘Breakthrough’ Predicted To Trigger Huge $25 Trillion Bitcoin, Ethereum, XRP And Crypto Price Earthquake","Star stock-picker and founder of emerging technology investor Ark, Cathie Wood has called BlackRock's bitcoin ETF filing a ""breakthrough"" that will spur the bitcoin price sharply higher over the next few years...",https://www.forbes.com/sites/digital-assets/2023/11/15/very-important-sudden-blackrock-breakthrough-predicted-to-trigger-huge-25-trillion-bitcoin-ethereum-xrp-and-crypto-price-earthquake/,2023-11-15T13:45:10Z
Forbes,"Billy Bambrough, Senior Contributor, 
 Billy Bambrough, Senior Contributor
 https://www.forbes.com/sites/billybambrough/",Bitcoin’s ‘Worst Kept Secret’ Is About To Have A ‘Huge’ Price Impact,"Dan Morehead, the influential founder of bitcoin and crypto investment company Pantera Capital, has predicted the ""worst kept secret"" in bitcoin could be about to have a ""huge"" impact...",https://www.forbes.com/sites/digital-assets/2023/11/25/bitcoins-worst-kept-secret-is-about-to-have-a-huge-price-impact/,2023-11-25T13:30:51Z
Biztoc.com,theblock.co,Bitcoin ETP exposure hits all-time highs as approval window for spot ETFs nears end: K33,Bitcoin ETP exposure has reached all-time highs ahead of the latest approval window for bitcoin spot ETFs closing on Friday. #etp,https://biztoc.com/x/b9f3a0b17252ddaf,2023-11-15T13:26:21Z
GameSpot,Darryn Bonthuys,GTA 6 Is Already Gunning For The Throne Of BTS On YouTube,"After Rockstar Games dropped the GTA 6 trailer early--thanks in part to Bitcoin peddlers ruining Rockstar's moment--the internet quickly began discussing the game. Its debut trailer has been dissected and analyzed, theories are piling up, and GTA 6 has alread…",https://www.gamespot.com/articles/grand-theft-auto-6-is-already-gunning-for-the-throne-of-bts-on-youtube/1100-6519702/,2023-12-05T14:55:00Z
Forbes,"Billy Bambrough, Senior Contributor, 
 Billy Bambrough, Senior Contributor
 https://www.forbes.com/sites/billybambrough/","Secret ‘Sovereign Bid’—Is This The Real Shock Reason Behind The Huge $1.5 Trillion Bitcoin, Ethereum, XRP And Crypto Price Boom?","The chief executive of U.S. crypto bank Custodia, Caitlin Long, has fanned the flames of a rumor that another country could be about to follow in El Salvador's footsteps and begin buying bitcoin...",https://www.forbes.com/sites/digital-assets/2023/12/07/secret-sovereign-bid-is-this-the-real-shock-reason-behind-the-huge-15-trillion-bitcoin-ethereum-xrp-and-crypto-price-boom/,2023-12-07T14:45:03Z
Forbes,"Billy Bambrough, Senior Contributor, 
 Billy Bambrough, Senior Contributor
 https://www.forbes.com/sites/billybambrough/","Money ‘Flooding’ In—Crypto Now Braced For A Huge Multi-Trillion Wall Street Earthquake Amid Bitcoin, Ethereum, XRP And Crypto Price Boom","The former president of the New York Stock Exchange has predicted money will ""flood"" into the market when a long-awaited bitcoin spot exchange-traded fund (ETF) is eventually approved...",https://www.forbes.com/sites/digital-assets/2023/11/24/money-will-flood-in-crypto-now-braced-for-a-huge-multi-trillion-wall-street-earthquake-amid-bitcoin-ethereum-xrp-and-crypto-price-boom/,2023-11-24T13:45:48Z
Forbes,"Abubakar Nur Khalil, Contributor, 
 Abubakar Nur Khalil, Contributor
 https://www.forbes.com/sites/abubakarnurkhalil/",How Investors Should Play The Upcoming Bitcoin Halving,Every four years bitcoin's issuance rate drops by 50%. In the past it’s been followed by bullish runs. Here’s how to maximize your gains.,https://www.forbes.com/sites/digital-assets/2023/11/16/how-investors-should-play-the-upcoming-bitcoin-halving/,2023-11-16T16:56:10Z
Forbes,"Billy Bambrough, Senior Contributor, 
 Billy Bambrough, Senior Contributor
 https://www.forbes.com/sites/billybambrough/",Argentina Could ‘Supercharge’ Bitcoin ‘Sooner Than You Think’—President Javier Milei’s Victory Sparks Wild Crypto Price Speculation,"The victory of outspoken libertarian Javier Milei in Argentina's presidential election has sparked wild speculation the country could follow in El Salvador's footsteps, ""supercharging"" bitcoin...",https://www.forbes.com/sites/digital-assets/2023/11/21/argentina-could-supercharge-bitcoin-sooner-than-you-think-president-javier-mileis-victory-sparks-wild-crypto-price-speculation/,2023-11-21T13:50:34Z
